path	bytes	lines	category
.gitignore	1957	115	config-style-script-or-license
API_GUIDE.md	7242	107	documentation
BACKEND_ARCHITECTURE.md	19295	592	documentation
DEV_DOC.md	13166	157	documentation
LICENSE	4167	136	config-style-script-or-license
LICENSE-AGPL-3.0	3037	62	config-style-script-or-license
LICENSE-MPL-2.0	3326	89	config-style-script-or-license
README.md	15722	505	documentation
assets/c__Users_Pocket_AppData_Roaming_Cursor_User_workspaceStorage_1c6cf21dc1882162088fe706393def9f_images_8f66af26ad466ff0b5900b943097b330-1ce5c53d-f3ea-4b1c-a9fd-666377b2a137.png	0	0	asset
assets/c__Users_Pocket_AppData_Roaming_Cursor_User_workspaceStorage_1c6cf21dc1882162088fe706393def9f_images_a90f38c758acd3b2a7c29fadc7648362-119da84c-80bf-48be-a4c7-37e991651aea.png	0	0	asset
assets/c__Users_Pocket_AppData_Roaming_Cursor_User_workspaceStorage_1c6cf21dc1882162088fe706393def9f_images_baac66dbb75236244f694d7400b24f87-30080ca4-f4c7-4abb-aa1b-37e36c12e110.png	0	0	asset
assets/c__Users_Pocket_AppData_Roaming_Cursor_User_workspaceStorage_1c6cf21dc1882162088fe706393def9f_images_image-0cb0fe3c-195c-453e-b2b8-8752416511d8.png	0	0	asset
assets/c__Users_Pocket_AppData_Roaming_Cursor_User_workspaceStorage_1c6cf21dc1882162088fe706393def9f_images_image-0db18ae3-0e59-4b80-9e58-ca1834ddbe17.png	0	0	asset
assets/c__Users_Pocket_AppData_Roaming_Cursor_User_workspaceStorage_1c6cf21dc1882162088fe706393def9f_images_image-3ff31b86-a1ae-4c3f-ba18-d7c46e9a73f2.png	0	0	asset
assets/c__Users_Pocket_AppData_Roaming_Cursor_User_workspaceStorage_1c6cf21dc1882162088fe706393def9f_images_image-5c7640dc-a3b3-469c-bc58-282c86c0367a.png	0	0	asset
assets/c__Users_Pocket_AppData_Roaming_Cursor_User_workspaceStorage_1c6cf21dc1882162088fe706393def9f_images_image-677974ca-a331-4f9a-9873-d9b65c1b590d.png	0	0	asset
assets/c__Users_Pocket_AppData_Roaming_Cursor_User_workspaceStorage_1c6cf21dc1882162088fe706393def9f_images_image-67be63c4-5554-41fa-b3e0-a1d753c4afb4.png	0	0	asset
assets/c__Users_Pocket_AppData_Roaming_Cursor_User_workspaceStorage_1c6cf21dc1882162088fe706393def9f_images_image-824b33ff-429d-48bd-9226-b9344fa7eb3c.png	0	0	asset
assets/c__Users_Pocket_AppData_Roaming_Cursor_User_workspaceStorage_1c6cf21dc1882162088fe706393def9f_images_image-9143dde5-3a08-4562-bf99-c1cd98a905e3.png	0	0	asset
assets/c__Users_Pocket_AppData_Roaming_Cursor_User_workspaceStorage_1c6cf21dc1882162088fe706393def9f_images_image-997e512d-620a-4bfb-b14d-2adf285f9ca5.png	0	0	asset
assets/c__Users_Pocket_AppData_Roaming_Cursor_User_workspaceStorage_1c6cf21dc1882162088fe706393def9f_images_image-9a7c4d3c-e3ba-4ce5-b558-d289000a2519.png	0	0	asset
assets/c__Users_Pocket_AppData_Roaming_Cursor_User_workspaceStorage_1c6cf21dc1882162088fe706393def9f_images_image-9d4df4bf-bd43-47be-81f5-e991eed40717.png	0	0	asset
assets/c__Users_Pocket_AppData_Roaming_Cursor_User_workspaceStorage_1c6cf21dc1882162088fe706393def9f_images_image-ae75e8b9-26e2-4ac7-97a3-1b1844d2a926.png	0	0	asset
assets/c__Users_Pocket_AppData_Roaming_Cursor_User_workspaceStorage_1c6cf21dc1882162088fe706393def9f_images_image-dc7bd25d-cce8-4c80-99f2-e226ff99142f.png	0	0	asset
assets/c__Users_Pocket_AppData_Roaming_Cursor_User_workspaceStorage_1c6cf21dc1882162088fe706393def9f_images_image-fe3ae290-ce2c-441e-9f74-4cd3bc9dfad1.png	0	0	asset
assets/c__Users_Sasha_AppData_Roaming_Cursor_User_workspaceStorage_3549ed3edd0c53bbbd22b1f8d1cf8b84_images_image-fed3a934-3ec9-4c42-aef5-d921b43a6028.png	0	0	asset
backend/.env.example	150	8	config-style-script-or-license
backend/REFACTORING_GUIDE.md	8544	301	documentation
backend/app/__init__.py	4	1	python-source
backend/app/ai/__init__.py	82	2	python-source
backend/app/ai/model_router.py	92158	1858	python-source
backend/app/ai/prompts/__init__.py	889	28	python-source
backend/app/ai/prompts/embedding.py	6717	189	python-source
backend/app/ai/prompts/intelligence.py	1176	34	python-source
backend/app/ai/prompts/narrative.py	7103	147	python-source
backend/app/ai/prompts/plant.py	20439	540	python-source
backend/app/ai/prompts/pressure_response.py	20546	604	python-source
backend/app/ai/prompts/species.py	44374	1036	python-source
backend/app/ai/streaming_helper.py	17152	467	python-source
backend/app/api/__init__.py	4	1	python-source
backend/app/api/admin_routes.py	12824	382	python-source
backend/app/api/analytics.py	19473	596	python-source
backend/app/api/dependencies.py	5879	193	python-source
backend/app/api/divine.py	35493	1038	python-source
backend/app/api/ecosystem.py	12905	364	python-source
backend/app/api/embedding_routes.py	40223	1193	python-source
backend/app/api/pressure_templates.py	10253	265	python-source
backend/app/api/router.py	1390	65	python-source
backend/app/api/routes.py	189047	4746	python-source
backend/app/api/simulation.py	30597	802	python-source
backend/app/api/species.py	35602	996	python-source
backend/app/api/tests/__init__.py	36	14	python-test
backend/app/api/tests/conftest.py	2527	83	python-test
backend/app/api/tests/test_api_integration.py	23430	641	python-test
backend/app/config/embedding_plugins.yaml	3624	142	config-style-script-or-license
backend/app/config/tensor_balance.yaml	7660	173	config-style-script-or-license
backend/app/core/__init__.py	4	1	python-source
backend/app/core/ai_router_config.py	10036	227	python-source
backend/app/core/config.py	9935	202	python-source
backend/app/core/config_service.py	7685	250	python-source
backend/app/core/container.py	7618	208	python-source
backend/app/core/database.py	3355	94	python-source
backend/app/core/providers/__init__.py	1003	29	python-source
backend/app/core/providers/analytics_services.py	3370	89	python-source
backend/app/core/providers/core_services.py	14402	304	python-source
backend/app/core/providers/repositories.py	2581	66	python-source
backend/app/core/providers/simulation_services.py	7106	182	python-source
backend/app/core/providers/species_services.py	5919	151	python-source
backend/app/core/seed.py	64352	1624	python-source
backend/app/core/session.py	14633	454	python-source
backend/app/main.py	6855	225	python-source
backend/app/models/__init__.py	4	1	python-source
backend/app/models/config.py	78499	1849	python-source
backend/app/models/environment.py	3777	91	python-source
backend/app/models/genus.py	652	22	python-source
backend/app/models/history.py	491	17	python-source
backend/app/models/species.py	7345	148	python-source
backend/app/models/taxonomy.py	6653	172	python-source
backend/app/repositories/__init__.py	4	1	python-source
backend/app/repositories/environment_repository.py	25048	634	python-source
backend/app/repositories/genus_repository.py	2419	70	python-source
backend/app/repositories/history_repository.py	1073	36	python-source
backend/app/repositories/species_repository.py	4687	131	python-source
backend/app/schemas/__init__.py	4	1	python-source
backend/app/schemas/physics.py	598	20	python-source
backend/app/schemas/requests.py	7587	170	python-source
backend/app/schemas/responses.py	14334	412	python-source
backend/app/services/__init__.py	37	1	python-source
backend/app/services/analytics/__init__.py	2206	66	python-source
backend/app/services/analytics/achievements.py	23276	660	python-source
backend/app/services/analytics/critical_analyzer.py	4503	108	python-source
backend/app/services/analytics/ecosystem_health.py	16280	452	python-source
backend/app/services/analytics/ecosystem_metrics.py	3813	158	python-source
backend/app/services/analytics/embedding_integration.py	25412	677	python-source
backend/app/services/analytics/encyclopedia.py	22589	606	python-source
backend/app/services/analytics/evolution_predictor.py	23237	609	python-source
backend/app/services/analytics/exporter.py	5863	135	python-source
backend/app/services/analytics/focus_processor.py	4473	116	python-source
backend/app/services/analytics/game_hints.py	21527	537	python-source
backend/app/services/analytics/narrative_engine.py	23197	654	python-source
backend/app/services/analytics/population_snapshot.py	4142	143	python-source
backend/app/services/analytics/report_builder.py	8838	187	python-source
backend/app/services/analytics/report_builder_v2.py	45221	929	python-source
backend/app/services/analytics/taxonomy.py	22001	644	python-source
backend/app/services/analytics/turn_report.py	60141	1301	python-source
backend/app/services/ecology/__init__.py	1242	62	python-source
backend/app/services/ecology/ecological_realism.py	33132	890	python-source
backend/app/services/ecology/resource_manager.py	24183	671	python-source
backend/app/services/ecology/semantic_anchors.py	19192	584	python-source
backend/app/services/embedding_plugins/__init__.py	2809	111	python-source
backend/app/services/embedding_plugins/ancestry_embedding.py	12485	350	python-source
backend/app/services/embedding_plugins/base.py	16663	467	python-source
backend/app/services/embedding_plugins/behavior_strategy.py	13206	358	python-source
backend/app/services/embedding_plugins/config_loader.py	8245	235	python-source
backend/app/services/embedding_plugins/evolution_space.py	11796	343	python-source
backend/app/services/embedding_plugins/food_web_embedding.py	11916	340	python-source
backend/app/services/embedding_plugins/manager.py	8022	234	python-source
backend/app/services/embedding_plugins/prompt_optimizer.py	8784	252	python-source
backend/app/services/embedding_plugins/registry.py	5720	186	python-source
backend/app/services/embedding_plugins/tensor_bridge.py	14727	417	python-source
backend/app/services/embedding_plugins/tests/__init__.py	44	10	python-test
backend/app/services/embedding_plugins/tests/test_plugins.py	20856	624	python-test
backend/app/services/embedding_plugins/tests/test_tensor_bridge.py	6758	213	python-test
backend/app/services/embedding_plugins/tile_embedding.py	15040	412	python-source
backend/app/services/geo/__init__.py	201	15	python-source
backend/app/services/geo/hydrology.py	3263	88	python-source
backend/app/services/geo/map_coloring.py	21711	485	python-source
backend/app/services/geo/map_evolution.py	11945	289	python-source
backend/app/services/geo/map_manager.py	145043	3327	python-source
backend/app/services/geo/suitability.py	22845	649	python-source
backend/app/services/geo/suitability_service.py	68970	1616	python-source
backend/app/services/geo/vegetation_cover.py	26679	727	python-source
backend/app/services/map_evolution.py	53	2	python-source
backend/app/services/species/__init__.py	1406	45	python-source
backend/app/services/species/background.py	3089	85	python-source
backend/app/services/species/description_enhancer.py	9904	285	python-source
backend/app/services/species/dispersal_engine.py	40097	1006	python-source
backend/app/services/species/extinction_checker.py	13769	351	python-source
backend/app/services/species/food_web_cache.py	21003	664	python-source
backend/app/services/species/food_web_manager.py	40914	1063	python-source
backend/app/services/species/gene_activation.py	37536	911	python-source
backend/app/services/species/gene_constants.py	19441	574	python-source
backend/app/services/species/gene_diversity.py	19084	496	python-source
backend/app/services/species/gene_flow.py	7675	188	python-source
backend/app/services/species/gene_library.py	13400	282	python-source
backend/app/services/species/genetic_distance.py	18181	471	python-source
backend/app/services/species/genetic_evolution.py	3875	147	python-source
backend/app/services/species/habitat_manager.py	70702	1687	python-source
backend/app/services/species/hybridization.py	59957	1463	python-source
backend/app/services/species/intervention.py	3016	110	python-source
backend/app/services/species/kin_competition.py	22305	543	python-source
backend/app/services/species/matrix_cache.py	13860	429	python-source
backend/app/services/species/migration.py	22353	460	python-source
backend/app/services/species/naming_hints.py	23125	534	python-source
backend/app/services/species/niche.py	21238	489	python-source
backend/app/services/species/niche_compare.py	17419	464	python-source
backend/app/services/species/organ_evolution_service.py	56665	1412	python-source
backend/app/services/species/plant_competition.py	36120	906	python-source
backend/app/services/species/plant_evolution.py	41215	1084	python-source
backend/app/services/species/plant_evolution_predictor.py	19617	498	python-source
backend/app/services/species/plant_reference_library.py	21934	519	python-source
backend/app/services/species/population_calculator.py	8207	198	python-source
backend/app/services/species/predation.py	48032	1281	python-source
backend/app/services/species/prey_affinity.py	26082	703	python-source
backend/app/services/species/reemergence.py	3275	115	python-source
backend/app/services/species/reproduction.py	64950	1377	python-source
backend/app/services/species/speciation.py	312266	6692	python-source
backend/app/services/species/speciation_rules.py	50777	1197	python-source
backend/app/services/species/species_generator.py	44741	942	python-source
backend/app/services/species/territory_system.py	38563	971	python-source
backend/app/services/species/tests/test_budget_context.py	8235	248	python-test
backend/app/services/species/tiering.py	9728	243	python-source
backend/app/services/species/trait_config.py	65595	1895	python-source
backend/app/services/species/trophic.py	14376	344	python-source
backend/app/services/species/trophic_interaction.py	3949	144	python-source
backend/app/services/system/__init__.py	921	44	python-source
backend/app/services/system/divine_energy.py	14452	451	python-source
backend/app/services/system/divine_progression.py	45421	1247	python-source
backend/app/services/system/embedding.py	43518	1207	python-source
backend/app/services/system/pressure.py	5187	138	python-source
backend/app/services/system/save_manager.py	45518	1081	python-source
backend/app/services/system/species_cache.py	5621	182	python-source
backend/app/services/system/vector_store.py	24298	703	python-source
backend/app/services/tectonic/README.md	5731	218	documentation
backend/app/services/tectonic/__init__.py	2098	79	python-source
backend/app/services/tectonic/config.py	5546	143	python-source
backend/app/services/tectonic/geological_features.py	18395	541	python-source
backend/app/services/tectonic/integration.py	14496	415	python-source
backend/app/services/tectonic/mantle_dynamics.py	17174	483	python-source
backend/app/services/tectonic/matrix_engine.py	12507	405	python-source
backend/app/services/tectonic/models.py	10644	330	python-source
backend/app/services/tectonic/motion_engine.py	28599	704	python-source
backend/app/services/tectonic/plate_generator.py	18135	517	python-source
backend/app/services/tectonic/species_tracker.py	21274	558	python-source
backend/app/services/tectonic/tectonic_system.py	15731	458	python-source
backend/app/services/tectonic/tests/__init__.py	50	14	python-test
backend/app/services/tectonic/tests/demo.py	3434	96	python-test
backend/app/services/tectonic/tests/run_tests.py	5047	148	python-test
backend/app/services/tectonic/tests/test_geological_features.py	7471	216	python-test
backend/app/services/tectonic/tests/test_integration.py	7213	239	python-test
backend/app/services/tectonic/tests/test_mantle_dynamics.py	7283	244	python-test
backend/app/services/tectonic/tests/test_motion_engine.py	7742	203	python-test
backend/app/services/tectonic/tests/test_plate_generator.py	4779	158	python-test
backend/app/services/tectonic/tests/test_tectonic_system.py	7088	241	python-test
backend/app/simulation/ARCHITECTURE.md	13760	366	documentation
backend/app/simulation/ENGINE_ARCHITECTURE.md	6702	210	documentation
backend/app/simulation/PHASE3_COMPLETION_REPORT.md	10659	373	documentation
backend/app/simulation/PLUGIN_GUIDE.md	11139	466	documentation
backend/app/simulation/STAGE_CONTRACT.md	8788	372	documentation
backend/app/simulation/__init__.py	4844	201	python-source
backend/app/simulation/cli.py	16306	549	python-source
backend/app/simulation/constants.py	9720	239	python-source
backend/app/simulation/context.py	10160	258	python-source
backend/app/simulation/ecological_realism_stage.py	18611	524	python-source
backend/app/simulation/engine.py	14913	368	python-source
backend/app/simulation/environment.py	17316	391	python-source
backend/app/simulation/legacy_engine.py	1432	64	python-source
backend/app/simulation/logging_config.py	15427	453	python-source
backend/app/simulation/pipeline.py	22636	629	python-source
backend/app/simulation/plugin_stages.py	13710	373	python-source
backend/app/simulation/polar_utils.py	1624	57	python-source
backend/app/simulation/regression_test.py	17247	487	python-source
backend/app/simulation/snapshot.py	21111	613	python-source
backend/app/simulation/species.py	2182	74	python-source
backend/app/simulation/stage_config.py	29108	864	python-source
backend/app/simulation/stage_config.yaml	5973	257	config-style-script-or-license
backend/app/simulation/stages.py	142898	3234	python-source
backend/app/simulation/tensor_stages.py	37547	874	python-source
backend/app/simulation/tests/__init__.py	74	8	python-test
backend/app/simulation/tests/conftest.py	8286	298	python-test
backend/app/simulation/tests/test_ecological_realism.py	22704	652	python-test
backend/app/simulation/tests/test_ecology_stages.py	4956	142	python-test
backend/app/simulation/tests/test_environment_stages.py	4946	137	python-test
backend/app/simulation/tests/test_pipeline.py	10138	305	python-test
backend/app/simulation/tests/test_tensor_stages.py	9221	266	python-test
backend/app/simulation/tile_based_mortality.py	5132	166	python-source
backend/app/tensor/__init__.py	5213	175	python-source
backend/app/tensor/competition.py	12072	317	python-source
backend/app/tensor/config.py	13903	346	python-source
backend/app/tensor/ecology.py	68470	1710	python-source
backend/app/tensor/hybrid.py	16559	493	python-source
backend/app/tensor/hybridization_tensor.py	16092	469	python-source
backend/app/tensor/metrics.py	9438	304	python-source
backend/app/tensor/niche_tensor.py	13946	407	python-source
backend/app/tensor/pressure_bridge.py	32375	879	python-source
backend/app/tensor/speciation_monitor.py	2889	97	python-source
backend/app/tensor/state.py	1277	49	python-source
backend/app/tensor/suitability.py	25105	645	python-source
backend/app/tensor/taichi_hybrid_kernels.py	140390	3387	python-source
backend/app/tensor/taichi_kernels.py	16282	519	python-source
backend/app/tensor/tests/__init__.py	42	12	python-test
backend/app/tensor/tests/test_hybrid.py	6830	238	python-test
backend/app/tensor/tests/test_integration.py	12407	359	python-test
backend/app/tensor/tests/test_metrics.py	7989	238	python-test
backend/app/tensor/tests/test_niche_hybridization_tensor.py	17060	504	python-test
backend/app/tensor/tests/test_pressure_bridge.py	17269	511	python-test
backend/app/tensor/tests/test_speciation_monitor.py	9690	276	python-test
backend/app/tensor/tests/test_taichi_kernels.py	8300	251	python-test
backend/app/tensor/tests/test_tensor_state.py	5689	166	python-test
backend/app/tensor/tests/test_tradeoff.py	6921	206	python-test
backend/app/tensor/tradeoff.py	5444	147	python-source
backend/diagnose_turn.py	14393	339	python-source
backend/optimize_database.py	9746	318	python-source
backend/pyproject.toml	952	39	config-style-script-or-license
commit_msg.txt	826	19	config-style-script-or-license
diagnose_turn.py	14393	339	python-source
docs/ECOLOGICAL_REALISM_DESIGN.md	12086	369	documentation
docs/EMBEDDING_EXTENSION_DESIGN.md	89152	2535	documentation
docs/GENE_DIVERSITY_SYSTEM_DESIGN.md	11884	348	documentation
docs/TENSOR_COMPUTATION_REFACTOR.md	54065	1115	documentation
docs/TRAIT_BUDGET_SYSTEM_DESIGN.md	29339	950	documentation
docs/api-guides/README.md	2285	32	documentation
docs/api-guides/conventions.md	1601	42	documentation
docs/api-guides/glossary.md	1186	16	documentation
docs/api-guides/modules/analytics-ai/README.md	2232	56	documentation
docs/api-guides/modules/analytics-ai/ai-routing.md	2340	57	documentation
docs/api-guides/modules/analytics-ai/ecological-intelligence.md	10332	292	documentation
docs/api-guides/modules/analytics-ai/genetic-distance.md	1312	25	documentation
docs/api-guides/modules/analytics-ai/niche-compare.md	2151	59	documentation
docs/api-guides/modules/config-ui/README.md	873	24	documentation
docs/api-guides/modules/config-ui/api-connectivity.md	1751	52	documentation
docs/api-guides/modules/config-ui/ui-config.md	2585	65	documentation
docs/api-guides/modules/embedding-extensions/README.md	13392	328	documentation
docs/api-guides/modules/environment/README.md	963	31	documentation
docs/api-guides/modules/environment/background-species.md	1410	26	documentation
docs/api-guides/modules/environment/map-overview.md	2630	79	documentation
docs/api-guides/modules/frontend-integration/README.md	659	22	documentation
docs/api-guides/modules/frontend-integration/services-layer.md	2393	35	documentation
docs/api-guides/modules/frontend-integration/state-hooks.md	1299	21	documentation
docs/api-guides/modules/frontend-integration/ui-modules.md	1944	23	documentation
docs/api-guides/modules/saves-ops/README.md	855	25	documentation
docs/api-guides/modules/saves-ops/admin-ops.md	1046	39	documentation
docs/api-guides/modules/saves-ops/save-lifecycle.md	2764	60	documentation
docs/api-guides/modules/saves-ops/save-metadata.md	1186	30	documentation
docs/api-guides/modules/simulation/README.md	1831	40	documentation
docs/api-guides/modules/simulation/action-queue.md	1920	41	documentation
docs/api-guides/modules/simulation/history-reports.md	1706	40	documentation
docs/api-guides/modules/simulation/pressure-orchestration.md	2045	48	documentation
docs/api-guides/modules/simulation/turn-execution.md	3099	64	documentation
docs/api-guides/modules/species/README.md	1997	42	documentation
docs/api-guides/modules/species/detail-and-lineage.md	2618	59	documentation
docs/api-guides/modules/species/editing-and-generation.md	2505	66	documentation
docs/api-guides/modules/species/genus-relations.md	1278	40	documentation
docs/api-guides/modules/species/hybridization.md	1354	37	documentation
docs/api-guides/modules/species/listing.md	1187	29	documentation
docs/api-guides/modules/species/plant-evolution-system.md	13110	363	documentation
docs/api-guides/modules/species/watchlist.md	1326	33	documentation
evolution_refactor_plan.md	9627	157	documentation
frontend/.prettierignore	68	18	config-style-script-or-license
frontend/.prettierrc	222	24	config-style-script-or-license
frontend/FRONTEND_REFACTOR_PLAN.md	6027	223	documentation
frontend/eslint.config.mjs	1451	69	config-style-script-or-license
frontend/index.html	1121	20	config-style-script-or-license
frontend/package-lock.json	293202	8116	config-style-script-or-license
frontend/package.json	1408	51	config-style-script-or-license
frontend/src/App.tsx	19276	583	typescript-source
frontend/src/animations.css	13668	629	config-style-script-or-license
frontend/src/components/AIAssistantPanel.tsx	38412	1240	typescript-source
frontend/src/components/AIEnhancedTimeline.tsx	25981	820	typescript-source
frontend/src/components/AchievementsPanel.tsx	24909	843	typescript-source
frontend/src/components/AdminPanel.tsx	16921	570	typescript-source
frontend/src/components/AmbientEffects.tsx	4629	176	typescript-source
frontend/src/components/CanvasMapPanel.tsx	38559	1089	typescript-source
frontend/src/components/CreateSpeciesModal.tsx	14204	485	typescript-source
frontend/src/components/DivinePowersPanel.tsx	47475	1694	typescript-source
frontend/src/components/DivinePowersPanel/hooks/useDivinePowers.ts	10541	363	typescript-source
frontend/src/components/DivinePowersPanel/index.ts	418	33	typescript-source
frontend/src/components/DivinePowersPanel/types.ts	2880	140	typescript-source
frontend/src/components/EcologicalRealismSummary.css	2833	160	config-style-script-or-license
frontend/src/components/EcologicalRealismSummary.tsx	4460	122	typescript-source
frontend/src/components/EnergyBar.tsx	8700	325	typescript-source
frontend/src/components/EnhancedCreateSpeciesModal.css	12999	680	config-style-script-or-license
frontend/src/components/EnhancedCreateSpeciesModal.tsx	21309	526	typescript-source
frontend/src/components/EventLog.tsx	2163	60	typescript-source
frontend/src/components/FloatingWindow.tsx	908	35	typescript-source
frontend/src/components/FoodWeb/OPTIMIZATION_GUIDE.md	7500	325	documentation
frontend/src/components/FoodWebGraph/FoodWebGraph.module.css	19867	1010	config-style-script-or-license
frontend/src/components/FoodWebGraph/FoodWebGraphNew.tsx	31458	819	typescript-source
frontend/src/components/FoodWebGraph/hooks/useFoodWebData.ts	4548	137	typescript-source
frontend/src/components/FoodWebGraph/index.ts	382	22	typescript-source
frontend/src/components/FoodWebGraph/types.ts	1736	72	typescript-source
frontend/src/components/FullscreenOverlay.tsx	720	28	typescript-source
frontend/src/components/GameGuideModal.css	24104	1312	config-style-script-or-license
frontend/src/components/GameGuideModal.tsx	62982	1430	typescript-source
frontend/src/components/GameHintsPanel.tsx	21402	773	typescript-source
frontend/src/components/GameSettingsMenu.tsx	35334	1119	typescript-source
frontend/src/components/GeneEditorTab.css	10703	596	config-style-script-or-license
frontend/src/components/GeneEditorTab.tsx	22961	666	typescript-source
frontend/src/components/GeneLibrary/GeneLibraryModal.css	30483	1502	config-style-script-or-license
frontend/src/components/GeneLibrary/GeneLibraryModal.tsx	31483	931	typescript-source
frontend/src/components/GeneLibrary/index.ts	132	4	typescript-source
frontend/src/components/GenealogyFilters.tsx	17958	605	typescript-source
frontend/src/components/GenealogyGraphView.tsx	81785	2535	typescript-source
frontend/src/components/GenealogyGraphView/constants.ts	2531	125	typescript-source
frontend/src/components/GenealogyGraphView/hooks/useCamera.ts	1915	88	typescript-source
frontend/src/components/GenealogyGraphView/hooks/useCollapse.ts	2862	109	typescript-source
frontend/src/components/GenealogyGraphView/index.ts	1000	64	typescript-source
frontend/src/components/GenealogyGraphView/types.ts	1671	84	typescript-source
frontend/src/components/GenealogyGraphView/utils/layout.ts	4529	190	typescript-source
frontend/src/components/GenealogyView.tsx	36045	1362	typescript-source
frontend/src/components/GlobalTrendsPanel/GlobalTrendsPanel.css	24069	1245	config-style-script-or-license
frontend/src/components/GlobalTrendsPanel/GlobalTrendsPanelNew.tsx	39690	1060	typescript-source
frontend/src/components/GlobalTrendsPanel/charts/ChartContainer.tsx	3580	166	typescript-source
frontend/src/components/GlobalTrendsPanel/charts/StatCard.tsx	3532	173	typescript-source
frontend/src/components/GlobalTrendsPanel/hooks/useStats.ts	5120	183	typescript-source
frontend/src/components/GlobalTrendsPanel/hooks/useTrendsData.ts	7839	255	typescript-source
frontend/src/components/GlobalTrendsPanel/index.ts	509	27	typescript-source
frontend/src/components/GlobalTrendsPanel/theme.ts	3011	114	typescript-source
frontend/src/components/GlobalTrendsPanel/types.ts	2850	118	typescript-source
frontend/src/components/HistoryTimeline.tsx	2853	95	typescript-source
frontend/src/components/HybridizationPanel.tsx	65058	2117	typescript-source
frontend/src/components/HybridizationPanel/hooks/useHybridization.ts	7510	239	typescript-source
frontend/src/components/HybridizationPanel/index.ts	411	30	typescript-source
frontend/src/components/HybridizationPanel/types.ts	1855	96	typescript-source
frontend/src/components/LogPanel.tsx	14621	372	typescript-source
frontend/src/components/MainMenu.css	29096	1433	config-style-script-or-license
frontend/src/components/MainMenu.tsx	31753	816	typescript-source
frontend/src/components/MapHistoryView.tsx	15054	452	typescript-source
frontend/src/components/MapLegend.tsx	11805	280	typescript-source
frontend/src/components/MapModeToast.tsx	3417	120	typescript-source
frontend/src/components/MapViewSelector.tsx	1453	36	typescript-source
frontend/src/components/MarkdownRenderer.tsx	6153	220	typescript-source
frontend/src/components/ModalsLayer.tsx	12672	387	typescript-source
frontend/src/components/NicheCompareView.tsx	25878	668	typescript-source
frontend/src/components/OrganismBlueprint.tsx	19753	622	typescript-source
frontend/src/components/PressureModal.tsx	34629	770	typescript-source
frontend/src/components/PressureSummaryPanel.tsx	2483	64	typescript-source
frontend/src/components/SettingsDrawer.css	71703	3315	config-style-script-or-license
frontend/src/components/SettingsDrawer/Settings.css	44651	2299	config-style-script-or-license
frontend/src/components/SettingsDrawer/SettingsDrawer.module.css	9675	515	config-style-script-or-license
frontend/src/components/SettingsDrawer/SettingsPanel.tsx	15050	446	typescript-source
frontend/src/components/SettingsDrawer/common/Controls.tsx	8983	377	typescript-source
frontend/src/components/SettingsDrawer/common/FormControls.tsx	7473	335	typescript-source
frontend/src/components/SettingsDrawer/common/NavButton.tsx	807	40	typescript-source
frontend/src/components/SettingsDrawer/common/index.ts	371	24	typescript-source
frontend/src/components/SettingsDrawer/constants.ts	15655	452	typescript-source
frontend/src/components/SettingsDrawer/index.ts	288	11	typescript-source
frontend/src/components/SettingsDrawer/reducer.ts	14053	468	typescript-source
frontend/src/components/SettingsDrawer/sections/AutosaveSection.tsx	2937	91	typescript-source
frontend/src/components/SettingsDrawer/sections/ConnectionSection.tsx	27203	644	typescript-source
frontend/src/components/SettingsDrawer/sections/EcologySection.tsx	19141	507	typescript-source
frontend/src/components/SettingsDrawer/sections/EmbeddingSection.tsx	14210	349	typescript-source
frontend/src/components/SettingsDrawer/sections/GeneDiversitySection.tsx	36803	837	typescript-source
frontend/src/components/SettingsDrawer/sections/MapSection.tsx	14115	386	typescript-source
frontend/src/components/SettingsDrawer/sections/MortalitySection.tsx	11192	299	typescript-source
frontend/src/components/SettingsDrawer/sections/PerformanceSection.tsx	14081	395	typescript-source
frontend/src/components/SettingsDrawer/sections/PressureSection.tsx	12100	283	typescript-source
frontend/src/components/SettingsDrawer/sections/ReproductionSection.tsx	8814	220	typescript-source
frontend/src/components/SettingsDrawer/sections/SpeciationSection.tsx	16646	414	typescript-source
frontend/src/components/SettingsDrawer/sections/index.ts	655	15	typescript-source
frontend/src/components/SettingsDrawer/types.ts	4725	145	typescript-source
frontend/src/components/SkeletonLoader.tsx	2065	60	typescript-source
frontend/src/components/SpeciesAITab.tsx	20779	674	typescript-source
frontend/src/components/SpeciesDetailModal.css	32513	1640	config-style-script-or-license
frontend/src/components/SpeciesDetailModal.tsx	56183	1188	typescript-source
frontend/src/components/SpeciesInputCard.tsx	18450	625	typescript-source
frontend/src/components/SpeciesLedger.tsx	24821	833	typescript-source
frontend/src/components/SpeciesPanel.tsx	78821	2576	typescript-source
frontend/src/components/SpeciesPanel/SpeciesPanelNew.tsx	12106	355	typescript-source
frontend/src/components/SpeciesPanel/components/EcologicalRealismDisplay.css	4727	266	config-style-script-or-license
frontend/src/components/SpeciesPanel/components/EcologicalRealismDisplay.tsx	9026	257	typescript-source
frontend/src/components/SpeciesPanel/components/SpeciesListHeader.tsx	5123	176	typescript-source
frontend/src/components/SpeciesPanel/components/SpeciesListItem.tsx	3339	108	typescript-source
frontend/src/components/SpeciesPanel/constants.ts	3635	111	typescript-source
frontend/src/components/SpeciesPanel/hooks/useSpeciesDetail.ts	1061	39	typescript-source
frontend/src/components/SpeciesPanel/hooks/useSpeciesFilter.ts	4009	139	typescript-source
frontend/src/components/SpeciesPanel/hooks/useSpeciesList.ts	5105	183	typescript-source
frontend/src/components/SpeciesPanel/index.ts	1169	40	typescript-source
frontend/src/components/SpeciesPanel/types.ts	1580	61	typescript-source
frontend/src/components/SpeciesPanel/utils.ts	2708	133	typescript-source
frontend/src/components/TileDetailPanel.tsx	32667	665	typescript-source
frontend/src/components/TurnProgressOverlay.tsx	64730	2029	typescript-source
frontend/src/components/TurnSummaryModal.tsx	22493	610	typescript-source
frontend/src/components/common/AnalysisPanel.tsx	19834	743	typescript-source
frontend/src/components/common/ConfirmDialog.css	1886	118	config-style-script-or-license
frontend/src/components/common/ConfirmDialog.tsx	2033	97	typescript-source
frontend/src/components/common/GamePanel.tsx	6038	207	typescript-source
frontend/src/components/common/Tooltip.css	823	57	config-style-script-or-license
frontend/src/components/common/Tooltip.tsx	1788	86	typescript-source
frontend/src/components/index.ts	1788	40	typescript-source
frontend/src/components/layout/ContextDrawer.tsx	862	32	typescript-source
frontend/src/components/layout/GameLayout.tsx	1979	68	typescript-source
frontend/src/components/layout/LensBar.tsx	14312	343	typescript-source
frontend/src/components/layout/Outliner.tsx	7852	227	typescript-source
frontend/src/components/layout/TopBar.tsx	3470	103	typescript-source
frontend/src/enhancements.css	115814	5764	config-style-script-or-license
frontend/src/hooks/index.ts	224	6	typescript-source
frontend/src/hooks/useGameState.ts	3089	99	typescript-source
frontend/src/hooks/useModals.ts	1161	47	typescript-source
frontend/src/hooks/usePressure.ts	892	32	typescript-source
frontend/src/hooks/useSelection.ts	2252	71	typescript-source
frontend/src/hooks/useSession.ts	2351	96	typescript-source
frontend/src/layout.css	26751	1250	config-style-script-or-license
frontend/src/main.tsx	474	18	typescript-source
frontend/src/providers/GameProvider.tsx	10490	356	typescript-source
frontend/src/providers/QueryProvider.tsx	2584	109	typescript-source
frontend/src/providers/SessionProvider.tsx	5333	190	typescript-source
frontend/src/providers/UIProvider.tsx	4699	178	typescript-source
frontend/src/providers/index.ts	923	43	typescript-source
frontend/src/providers/types.ts	4808	165	typescript-source
frontend/src/queries/index.ts	818	33	typescript-source
frontend/src/queries/useFoodWebData.test.tsx	5456	192	frontend-test
frontend/src/queries/useFoodWebQuery.ts	1586	78	typescript-source
frontend/src/queries/useHints.ts	1930	76	typescript-source
frontend/src/queries/useLineage.ts	1905	63	typescript-source
frontend/src/queries/useMapData.ts	3175	92	typescript-source
frontend/src/queries/useQueueStatus.ts	1422	52	typescript-source
frontend/src/queries/useSpeciesQuery.ts	2929	128	typescript-source
frontend/src/queries/useTrendsData.test.ts	4992	173	frontend-test
frontend/src/services/api.types.ts	42768	1095	typescript-source
frontend/src/services/api/MIGRATION_GUIDE.md	4781	161	documentation
frontend/src/services/api/admin.ts	2565	118	typescript-source
frontend/src/services/api/base.ts	4597	178	typescript-source
frontend/src/services/api/config.ts	1995	97	typescript-source
frontend/src/services/api/ecosystem.ts	1207	54	typescript-source
frontend/src/services/api/events.ts	2877	124	typescript-source
frontend/src/services/api/index.ts	2306	119	typescript-source
frontend/src/services/api/map.ts	1159	49	typescript-source
frontend/src/services/api/saves.ts	1805	75	typescript-source
frontend/src/services/api/species.ts	5359	207	typescript-source
frontend/src/services/api/turns.ts	3437	122	typescript-source
frontend/src/services/embedding.api.ts	8783	352	typescript-source
frontend/src/styles.css	98068	4911	config-style-script-or-license
frontend/src/styles/tokens.css	4659	184	config-style-script-or-license
frontend/src/test/setup.ts	934	53	typescript-source
frontend/src/test/utils.tsx	1938	87	typescript-source
frontend/src/utils/TerrainUtils.ts	0	0	typescript-source
frontend/src/utils/time.ts	3735	135	typescript-source
frontend/tsconfig.json	442	19	config-style-script-or-license
frontend/tsconfig.node.json	522	21	config-style-script-or-license
frontend/vite.config.ts	2124	70	typescript-source
frontend/vitest.config.ts	754	33	typescript-source
lang_zh.json	1624	38	config-style-script-or-license
package-lock.json	37849	972	config-style-script-or-license
package.json	303	13	config-style-script-or-license
start.bat	257	14	config-style-script-or-license
start.ps1	13701	379	config-style-script-or-license
stop.bat	182	9	config-style-script-or-license
stop.ps1	4015	101	config-style-script-or-license
